Temperature,Pressure,Humidity,PM2.5,PM10
13.112,962.0094000000001,36.690000000000005,37.8,40.2
