Temperature,Pressure,Humidity,PM2.5,PM10
23.8125,964.4586499999999,44.355000000000004,2.5,2.5
