Temperature,Pressure,Humidity,PM2.5,PM10
36.9375,967.1611999999999,16.419999999999998,17.0,17.0
