Temperature,Pressure,Humidity,PM2.5,PM10
,,,4.359999999999999,4.359999999999999
