Temperature,Pressure,Humidity,PM2.5,PM10
33.885,956.14625,30.265,5.375,7.109999999999999
