Temperature,Pressure,Humidity,PM2.5,PM10
35.215,954.1829499999999,31.015,3.3049999999999997,4.115
