Temperature,Pressure,Humidity,PM2.5,PM10
31.814999999999998,,46.224999999999994,1.715,2.775
