Temperature,Pressure,Humidity,PM2.5,PM10
24.320000000000004,,78.97333333333334,17.650000000000002,27.156666666666666
