Temperature,Pressure,Humidity,PM2.5,PM10
16.700000000000003,989.8603333333334,100.0,3.1733333333333333,5.583333333333333
