Temperature,Pressure,Humidity,PM2.5,PM10
36.769999999999996,989.8959500000001,44.415,2.26,7.93
