Temperature,Pressure,Humidity,PM2.5,PM10
6.095000000000001,988.97455,100.0,17.185000000000002,31.424999999999997
