Temperature,Pressure,Humidity,PM2.5,PM10
-65.53250000000001,798.392525,97.89250000000001,3.45,5.7075
