Temperature,Pressure,Humidity,PM2.5,PM10
28.194,976.2442599999998,53.327999999999996,3.2879999999999994,5.9879999999999995
