Temperature,Pressure,Humidity,PM2.5,PM10
-59.7225,801.502825,74.15,7.7524999999999995,9.805
