Temperature,Pressure,Humidity,PM2.5,PM10
36.2325,977.70685,25.1025,3.5125,6.2075000000000005
