Temperature,Pressure,Humidity,PM2.5,PM10
25.759999999999998,950.6966,52.855000000000004,5.25,8.175
