Temperature,Pressure,Humidity,PM2.5,PM10
5.495,945.4554499999999,78.96000000000001,10.91,16.725
