Temperature,Pressure,Humidity,PM2.5,PM10
30.185000000000002,953.5519999999999,41.36,4.215,5.425
