Temperature,Pressure,Humidity,PM2.5,PM10
31.685000000000002,95361.435,34.675,3.8150000000000004,5.925
