Temperature,Pressure,Humidity,PM2.5,PM10
34.31166666666667,99453.89833333333,37.49666666666666,5.012,7.932
