Temperature,Pressure,Humidity,PM2.5,PM10
8.458333333333334,988.0560333333333,84.96333333333334,15.646666666666667,23.358333333333334
