Temperature,Pressure,Humidity,PM2.5,PM10
29.825000000000003,991.6261000000001,42.5825,3.815,7.7524999999999995
