Temperature,Pressure,Humidity,PM2.5,PM10
26.048333333333336,99010.63833333335,41.028333333333336,1.245,2.8383333333333334
