Temperature,Pressure,Humidity,PM2.5,PM10
30.7725,995.4139749999999,48.752500000000005,5.3950000000000005,8.345
