Temperature,Pressure,Humidity,PM2.5,PM10
,,,0.7166666666666667,3.2533333333333334
