Temperature,Pressure,Humidity,PM2.5,PM10
,,,3.1399999999999997,5.574999999999999
