Temperature,Pressure,Humidity,PM2.5,PM10
,,,4.416666666666667,7.516666666666666
