Temperature,Pressure,Humidity,PM2.5,PM10
20.505000000000003,970.9864,100.0,11.735,22.439999999999998
