Temperature,Pressure,Humidity,PM2.5,PM10
26.09,980.17875,61.285,5.74,10.815000000000001
