Temperature,Pressure,Humidity,PM2.5,PM10
,,,7.912000000000001,7.912000000000001
