Temperature,Pressure,Humidity,PM2.5,PM10
,,,4.4799999999999995,4.4799999999999995
