Temperature,Pressure,Humidity,PM2.5,PM10
20.210000000000004,983.6627333333332,81.64333333333333,2.706666666666667,5.136666666666667
