Temperature,Pressure,Humidity,PM2.5,PM10
30.564999999999998,984.2442,43.870000000000005,2.66,4.2
