Temperature,Pressure,Humidity,PM2.5,PM10
7.43,981.0074999999999,72.665,8.775,15.350000000000001
