Temperature,Pressure,Humidity,PM2.5,PM10
15.075,983.4955,60.245000000000005,1.8900000000000001,4.725
