Temperature,Pressure,Humidity,PM2.5,PM10
27.956666666666667,986.0483333333333,45.85666666666666,4.24,5.383333333333333
