Temperature,Pressure,Humidity,PM2.5,PM10
27.119999999999997,994.1103,51.739999999999995,,
