Temperature,Pressure,Humidity,PM2.5,PM10
8.649999999999999,986.5925,65.675,6.015000000000001,11.065000000000001
