Temperature,Pressure,Humidity,PM2.5,PM10
29.78,990.2085999999999,33.519999999999996,,
