Temperature,Pressure,Humidity,PM2.5,PM10
28.753333333333334,988.3859666666667,53.23,,
