Temperature,Pressure,Humidity,PM2.5,PM10
31.560000000000002,,41.934999999999995,2.825,3.4350000000000005
