Temperature,Pressure,Humidity,PM2.5,PM10
36.355000000000004,987.3883000000001,23.965,16.5,18.5
