Temperature,Pressure,Humidity,PM2.5,PM10
28.51,98247.66666666667,23.703333333333333,2.6666666666666665,3.6666666666666665
