Temperature,Pressure,Humidity,PM2.5,PM10
,,,7.036666666666666,11.473333333333334
