Temperature,Pressure,Humidity,PM2.5,PM10
,,,1.0150000000000001,1.9749999999999999
