Temperature,Pressure,Humidity,PM2.5,PM10
5.9350000000000005,984.7941000000001,76.345,10.71,18.085
