Temperature,Pressure,Humidity,PM2.5,PM10
31.36666666666667,987.4929333333333,44.54,1.8933333333333333,4.449999999999999
