Temperature,Pressure,Humidity,PM2.5,PM10
8.809999999999999,986.0459,65.52,10.475,24.490000000000002
