Temperature,Pressure,Humidity,PM2.5,PM10
31.18,978.9322,46.269999999999996,2.25,5.529999999999999
