Temperature,Pressure,Humidity,PM2.5,PM10
31.915,984.18705,40.485,4.165,5.0649999999999995
