Temperature,Pressure,Humidity,PM2.5,PM10
38.31,980.3538000000001,21.725,2.35,5.140000000000001
