Temperature,Pressure,Humidity,PM2.5,PM10
9.51,976.83575,61.195,6.675000000000001,10.975000000000001
