Temperature,Pressure,Humidity,PM2.5,PM10
31.002499999999998,978.646425,50.7475,2.5625,4.8375
