Temperature,Pressure,Humidity,PM2.5,PM10
18.763333333333335,978.0754000000001,100.0,2.24,3.4
