Temperature,Pressure,Humidity,PM2.5,PM10
7.609999999999999,976.100175,100.0,9.375,16.28
