Temperature,Pressure,Humidity,PM2.5,PM10
5.447500000000001,974.8511000000001,100.0,21.700000000000003,45.8425
