Temperature,Pressure,Humidity,PM2.5,PM10
25.587500000000002,97897.93,42.980000000000004,0.7749999999999999,1.3875
