Temperature,Pressure,Humidity,PM2.5,PM10
40.8425,980.0547750000001,19.415,2.7875,4.602499999999999
