Temperature,Pressure,Humidity,PM2.5,PM10
11.355,981.3912499999999,100.0,5.234999999999999,12.085
