Temperature,Pressure,Humidity,PM2.5,PM10
13.13,982.9891,100.0,5.300000000000001,10.774999999999999
