Temperature,Pressure,Humidity,PM2.5,PM10
28.096666666666664,98525.98999999999,35.596666666666664,0.5666666666666667,2.233333333333333
