Temperature,Pressure,Humidity,PM2.5,PM10
35.24,990.3811000000001,67.35,3.15,4.640000000000001
