Temperature,Pressure,Humidity,PM2.5,PM10
30.455,984.31045,90.605,1.4649999999999999,5.785
