Temperature,Pressure,Humidity,PM2.5,PM10
23.59,98311.175,53.49,1.8666666666666667,2.4655555555555555
