Temperature,Pressure,Humidity,PM2.5,PM10
33.105000000000004,991.16565,25.445,3.16,3.16
