Temperature,Pressure,Humidity,PM2.5,PM10
27.98,99005.32333333332,33.2,1.5566666666666666,1.5566666666666666
