Temperature,Pressure,Humidity,PM2.5,PM10
31.453333333333333,989.4360333333334,42.080000000000005,4.3500000000000005,4.3500000000000005
