Temperature,Pressure,Humidity,PM2.5,PM10
34.105000000000004,99423.015,27.130000000000003,8.405000000000001,8.405000000000001
