Temperature,Pressure,Humidity,PM2.5,PM10
31.314999999999998,97284.765,38.095,3.89,8.600000000000001
