Temperature,Pressure,Humidity,PM2.5,PM10
29.99666666666667,973.4114666666668,47.20666666666667,5.466666666666666,8.67
