Temperature,Pressure,Humidity,PM2.5,PM10
16.895000000000003,967.17735,100.0,1.85,5.51
