Temperature,Pressure,Humidity,PM2.5,PM10
2.73,963.9072000000001,99.39500000000001,4.49,11.85
