Temperature,Pressure,Humidity,PM2.5,PM10
5.3933333333333335,965.4912666666668,88.82666666666667,4.71,12.45
