Temperature,Pressure,Humidity,PM2.5,PM10
11.629999999999999,989.14795,53.575,6.300000000000001,12.46
