Temperature,Pressure,Humidity,PM2.5,PM10
31.22,99483.685,34.629999999999995,5.300000000000001,8.975000000000001
