Temperature,Pressure,Humidity,PM2.5,PM10
29.104999999999997,953.73705,52.345,2.625,6.375
