Temperature,Pressure,Humidity,PM2.5,PM10
6.963333333333334,951.9492666666666,68.60333333333334,6.140000000000001,10.160000000000002
