Temperature,Pressure,Humidity,PM2.5,PM10
29.845,95951.22,42.150000000000006,2.465,5.925000000000001
