Temperature,Pressure,Humidity,PM2.5,PM10
28.384999999999998,991.8553999999999,48.019999999999996,1.4,1.5
