Temperature,Pressure,Humidity,PM2.5,PM10
39.21,99443.33,24.625,4.109999999999999,6.1899999999999995
