Temperature,Pressure,Humidity,PM2.5,PM10
27.380000000000003,984.6876,52.71,2.25,3.0999999999999996
