Temperature,Pressure,Humidity,PM2.5,PM10
30.189999999999998,986.3665000000001,46.480000000000004,3.05,3.65
