Temperature,Pressure,Humidity,PM2.5,PM10
7.515000000000001,986.98875,77.68,9.135,17.12
