Temperature,Pressure,Humidity,PM2.5,PM10
36.33,987.6351500000001,31.525,1.95,4.1899999999999995
