Temperature,Pressure,Humidity,PM2.5,PM10
30.4,990.8395499999999,36.29,4.0649999999999995,8.45
