Temperature,Pressure,Humidity,PM2.5,PM10
6.833333333333333,965.9877999999999,92.03333333333332,7.5,16.993333333333332
