Temperature,Pressure,Humidity,PM2.5,PM10
16.744999999999997,968.08845,100.0,2.295,3.34
