Temperature,Pressure,Humidity,PM2.5,PM10
28.134999999999998,971.2184500000001,46.150000000000006,3.69,8.475
