Temperature,Pressure,Humidity,PM2.5,PM10
24.765,975.1188999999999,74.21000000000001,6.585,7.9350000000000005
