Temperature,Pressure,Humidity,PM2.5,PM10
25.03333333333333,969.3606,93.27333333333333,4.1433333333333335,7.88
