Temperature,Pressure,Humidity,PM2.5,PM10
29.67,992.6837499999999,34.385000000000005,3.435,7.925000000000001
