Temperature,Pressure,Humidity,PM2.5,PM10
30.165,989.93815,39.629999999999995,2.25,3.7
