Temperature,Pressure,Humidity,PM2.5,PM10
8.95,989.3033,55.894999999999996,6.574999999999999,9.925
