Temperature,Pressure,Humidity,PM2.5,PM10
28.93,996.52845,43.25,5.324999999999999,6.6850000000000005
