Temperature,Pressure,Humidity,PM2.5,PM10
25.058333333333334,97856.78833333333,57.54,0.9433333333333334,1.5333333333333332
