Temperature,Pressure,Humidity,PM2.5,PM10
23.77875,95715.73,49.74875,1.2944444444444445,2.785555555555556
