Temperature,Pressure,Humidity,PM2.5,PM10
9.906375791561763,979.3925793142106,67.30050411993591,10.509,10.509
