Temperature,Pressure,Humidity,PM2.5,PM10
32.445,968.49735,29.115000000000002,3.75,8.8
