Temperature,Pressure,Humidity,PM2.5,PM10
28.983333333333334,965.4704000000002,43.54333333333333,2.433333333333333,5.8
