Temperature,Pressure,Humidity,PM2.5,PM10
32.02045951454512,985.665360006967,50.15165375099457,5.2615,5.2615
