Temperature,Pressure,Humidity,PM2.5,PM10
7.75,963.6217333333334,62.16333333333333,7.8,14.633333333333335
