Temperature,Pressure,Humidity,PM2.5,PM10
18.666777676050962,979.4524651603198,85.60542712545458,4.02,4.02
