Temperature,Pressure,Humidity,PM2.5,PM10
28.076666666666668,659.6453333333333,60.53666666666667,,
