Temperature,Pressure,Humidity,PM2.5,PM10
7.295,962.0040999999999,57.870000000000005,4.45,9.1
