Temperature,Pressure,Humidity,PM2.5,PM10
25.653296330205233,98013.23439224157,44.70736031637039,1.3515000000000001,1.3675000000000002
