Temperature,Pressure,Humidity,PM2.5,PM10
8.17817184201826,977.1099228792604,69.8124528877699,12.9095,12.9095
