Temperature,Pressure,Humidity,PM2.5,PM10
8.7,989.5217,68.49000000000001,6.574999999999999,14.65
