Temperature,Pressure,Humidity,PM2.5,PM10
6.234999999999999,988.46765,79.67,7.529999999999999,14.49
