Temperature,Pressure,Humidity,PM2.5,PM10
17.525,990.7746999999999,100.0,2.54,6.3100000000000005
