Temperature,Pressure,Humidity,PM2.5,PM10
27.779999999999998,974.472,55.129999999999995,2.45,6.25
