Temperature,Pressure,Humidity,PM2.5,PM10
32.792500000000004,979.0269999999999,39.315,4.45,7.550000000000001
