Temperature,Pressure,Humidity,PM2.5,PM10
27.795,987.51845,41.325,4.35,5.6899999999999995
