Temperature,Pressure,Humidity,PM2.5,PM10
18.183333333333334,985.2240333333333,78.48,1.6333333333333335,4.533333333333333
