Temperature,Pressure,Humidity,PM2.5,PM10
7.865,985.5765,67.975,9.333333333333334,17.166666666666668
