Temperature,Pressure,Humidity,PM2.5,PM10
29.549999999999997,988.7264,36.995000000000005,3.1,5.35
