Temperature,Pressure,Humidity,PM2.5,PM10
6.64,984.1447999999999,69.97999999999999,14.7,32.0
