Temperature,Pressure,Humidity,PM2.5,PM10
,,,12.476666666666667,14.996666666666664
