Temperature,Pressure,Humidity,PM2.5,PM10
2.0318805697349758,88937.3764965199,54.12772727272727,21.516000000000002,24.897333333333332
