Temperature,Pressure,Humidity,PM2.5,PM10
,,,4.276666666666666,6.9866666666666655
