Temperature,Pressure,Humidity,PM2.5,PM10
,,,7.765000000000001,10.854999999999999
