Temperature,Pressure,Humidity,PM2.5,PM10
,,,1.7033333333333331,2.6166666666666667
