Temperature,Pressure,Humidity,PM2.5,PM10
8.745000000000001,985.31,56.215,11.350000000000001,11.350000000000001
