Temperature,Pressure,Humidity,PM2.5,PM10
30.863333333333333,980.2145,47.22666666666667,1.5099999999999998,1.5099999999999998
