Temperature,Pressure,Humidity,PM2.5,PM10
30.785,983.36475,43.807500000000005,1.8499999999999999,7.483333333333333
