Temperature,Pressure,Humidity,PM2.5,PM10
43.275000000000006,981.80735,16.27,,
