Temperature,Pressure,Humidity,PM2.5,PM10
18.848,981.6732600000001,85.934,1.8199999999999998,3.7979999999999996
