Temperature,Pressure,Humidity,PM2.5,PM10
4.949999999999999,978.85575,74.32499999999999,27.265,28.53
