Temperature,Pressure,Humidity,PM2.5,PM10
8.745,982.421325,68.6425,7.970000000000001,15.59
