Temperature,Pressure,Humidity,PM2.5,PM10
32.095,989.04665,41.537499999999994,4.4375,8.025
