Temperature,Pressure,Humidity,PM2.5,PM10
22.426666666666666,975.4163666666667,89.52999999999999,,
