Temperature,Pressure,Humidity,PM2.5,PM10
27.310000000000002,986.2194000000001,65.325,7.005000000000001,7.005000000000001
