Temperature,Pressure,Humidity,PM2.5,PM10
26.674999999999997,983.7773500000001,45.705,3.3200000000000003,3.3200000000000003
