Temperature,Pressure,Humidity,PM2.5,PM10
55.58,978.64325,11.015,1.9849999999999999,1.9849999999999999
