Temperature,Pressure,Humidity,PM2.5,PM10
27.909999999999997,992.2402000000001,60.525000000000006,20.41,21.735
