Temperature,Pressure,Humidity,PM2.5,PM10
31.630000000000003,986.5553,50.925,27.310000000000002,29.240000000000002
