Temperature,Pressure,Humidity,PM2.5,PM10
35.843333333333334,988.9429,33.223333333333336,31.106666666666666,33.04666666666666
