Temperature,Pressure,Humidity,PM2.5,PM10
7.8933333333333335,986.1469999999999,78.58333333333333,17.12,18.253333333333334
