Temperature,Pressure,Humidity,PM2.5,PM10
22.744999999999997,98280.56625,62.35375,1.6149999999999998,3.799285714285714
