Temperature,Pressure,Humidity,PM2.5,PM10
,,,2.5999999999999996,4.9350000000000005
