Temperature,Pressure,Humidity,PM2.5,PM10
,,,24.686666666666667,33.64333333333334
