Temperature,Pressure,Humidity,PM2.5,PM10
,,,18.856666666666666,31.576666666666668
