Temperature,Pressure,Humidity,PM2.5,PM10
30.95,977.4611,41.63,2.6500000000000004,7.050000000000001
