Temperature,Pressure,Humidity,PM2.5,PM10
33.144999999999996,975.2345500000001,41.655,2.575,9.09
