Temperature,Pressure,Humidity,PM2.5,PM10
6.785,973.32155,100.0,6.425000000000001,12.585
