Temperature,Pressure,Humidity,PM2.5,PM10
26.145999999999997,98734.542,45.986000000000004,0.8022222222222222,2.321111111111111
