Temperature,Pressure,Humidity,PM2.5,PM10
30.744999999999997,974.93625,34.56,2.0,3.35
