Temperature,Pressure,Humidity,PM2.5,PM10
32.28,97830.0,41.89,12.886666666666665,12.886666666666665
