Temperature,Pressure,Humidity,PM2.5,PM10
8.616666666666667,971.4,70.28666666666668,34.63333333333333,35.16
