Temperature,Pressure,Humidity,PM2.5,PM10
7.03,970.2000000000002,75.13,33.60333333333333,34.1
