Temperature,Pressure,Humidity,PM2.5,PM10
32.88,978.7999999999998,37.21,43.54,43.89333333333334
