Temperature,Pressure,Humidity,PM2.5,PM10
23.63692307692308,96665.58636363636,47.550000000000004,154.76538461538462,309.07692307692315
