Temperature,Pressure,Humidity,PM2.5,PM10
32.31,975.7999999999998,28.95,5.716666666666668,5.716666666666668
