Temperature,Pressure,Humidity,PM2.5,PM10
32.2825,984.4883500000001,29.1725,4.206666666666667,7.983333333333333
