Temperature,Pressure,Humidity,PM2.5,PM10
29.333999999999996,983.6655199999999,44.664,3.3939999999999997,6.978
