Temperature,Pressure,Humidity,PM2.5,PM10
37.78666666666667,98892.48999999999,24.95,6.076666666666667,7.313333333333333
