Temperature,Pressure,Humidity,PM2.5,PM10
19.540000000000003,982.42995,85.57249999999999,3.4299999999999997,6.1825
