Temperature,Pressure,Humidity,PM2.5,PM10
6.9925,979.67085,73.64999999999999,8.712499999999999,17.32
