Temperature,Pressure,Humidity,PM2.5,PM10
8.975,980.9985999999999,67.4525,8.037500000000001,15.887500000000001
