Temperature,Pressure,Humidity,PM2.5,PM10
-51.402499999999996,777.1714749999999,59.209999999999994,7.6933333333333325,10.483333333333334
