Temperature,Pressure,Humidity,PM2.5,PM10
24.363333333333333,98489.83,43.72,1.36,2.3666666666666667
