Temperature,Pressure,Humidity,PM2.5,PM10
,,,3.9400000000000004,6.265000000000001
