Temperature,Pressure,Humidity,PM2.5,PM10
29.115000000000002,987.92425,58.775,8.115,10.265
