Temperature,Pressure,Humidity,PM2.5,PM10
5.89,986.2954500000001,67.505,8.74,15.725000000000001
