Temperature,Pressure,Humidity,PM2.5,PM10
,,,2.5766666666666667,4.043333333333333
