Temperature,Pressure,Humidity,PM2.5,PM10
7.484999999999999,984.9336000000001,77.465,4.586666666666667,8.466666666666667
