Temperature,Pressure,Humidity,PM2.5,PM10
43.235,99100.83,18.835,4.727499999999999,6.112500000000001
