Temperature,Pressure,Humidity,PM2.5,PM10
24.49,98699.42,44.77666666666667,1.186,2.5540000000000003
