Temperature,Pressure,Humidity,PM2.5,PM10
29.630000000000003,988.04375,38.335,3.2800000000000002,4.55
