Temperature,Pressure,Humidity,PM2.5,PM10
28.395,986.3648499999999,50.965,3.2750000000000004,4.675
