Temperature,Pressure,Humidity,PM2.5,PM10
24.509999999999998,97927.735,65.155,3.95,9.905000000000001
