Temperature,Pressure,Humidity,PM2.5,PM10
25.97,979.46435,60.065,3.84,5.574999999999999
