Temperature,Pressure,Humidity,PM2.5,PM10
19.080000000000002,991.0052,100.0,3.2866666666666666,3.2866666666666666
