Temperature,Pressure,Humidity,PM2.5,PM10
8.55,988.8633,69.85499999999999,12.364999999999998,12.4
