Temperature,Pressure,Humidity,PM2.5,PM10
9.209999999999999,990.0021333333334,77.77333333333333,42.620000000000005,42.77
