Temperature,Pressure,Humidity,PM2.5,PM10
,,,0.20500000000000002,0.20500000000000002
