Temperature,Pressure,Humidity,PM2.5,PM10
35.209999999999994,99036.42,nan,0.675,2.7750000000000004
