Temperature,Pressure,Humidity,PM2.5,PM10
37.394999999999996,99463.065,24.009999999999998,6.07,8.425
