Temperature,Pressure,Humidity,PM2.5,PM10
31.75,989.9909,41.105000000000004,2.9749999999999996,6.51
