Temperature,Pressure,Humidity,PM2.5,PM10
9.649999999999999,988.3187499999999,61.125,9.7,14.425
