Temperature,Pressure,Humidity,PM2.5,PM10
7.765000000000001,987.14705,65.39,9.85,16.025
