Temperature,Pressure,Humidity,PM2.5,PM10
42.035,995.4408000000001,22.39,7.324999999999999,8.815000000000001
