Temperature,Pressure,Humidity,PM2.5,PM10
30.89,99009.295,35.95,5.5649999999999995,7.904999999999999
