Temperature,Pressure,Humidity,PM2.5,PM10
29.814999999999998,987.0542,32.045,2.585,5.3149999999999995
