Temperature,Pressure,Humidity,PM2.5,PM10
,,,6.3149999999999995,9.225000000000001
