Temperature,Pressure,Humidity,PM2.5,PM10
31.0,959.6200000000001,40.82,1.7600000000000002,2.12
