Temperature,Pressure,Humidity,PM2.5,PM10
27.665,964.5603500000001,49.43,3.25,6.109999999999999
