Temperature,Pressure,Humidity,PM2.5,PM10
28.435000000000002,966.3147,33.67,3.2249999999999996,5.615
