Temperature,Pressure,Humidity,PM2.5,PM10
28.854999999999997,969.82795,46.85,9.135,13.125
