Temperature,Pressure,Humidity,PM2.5,PM10
24.963333333333335,96472.85333333333,41.69,1.3499999999999999,2.566666666666667
