Temperature,Pressure,Humidity,PM2.5,PM10
15.515,963.93345,100.0,4.8149999999999995,8.215
