Temperature,Pressure,Humidity,PM2.5,PM10
6.045,961.59205,90.11500000000001,15.31,28.84
