Temperature,Pressure,Humidity,PM2.5,PM10
30.310000000000002,986.0919,nan,3.8150000000000004,5.609999999999999
