Temperature,Pressure,Humidity,PM2.5,PM10
27.884999999999998,98982.36,50.849999999999994,0.9,4.3549999999999995
