Temperature,Pressure,Humidity,PM2.5,PM10
8.059999999999999,986.41545,78.83,1.325,4.38
