Temperature,Pressure,Humidity,PM2.5,PM10
10.36,987.79375,69.54499999999999,1.25,4.385
