Temperature,Pressure,Humidity,PM2.5,PM10
20.555,988.24595,100.0,0.95,4.949999999999999
