Temperature,Pressure,Humidity,PM2.5,PM10
17.189999999999998,975.6360999999999,73.465,3.1399999999999997,6.75
