Temperature,Pressure,Humidity,PM2.5,PM10
31.183333333333334,981.9290666666667,31.8,5.226666666666667,8.046666666666667
