Temperature,Pressure,Humidity,PM2.5,PM10
9.553333333333333,981.5514333333334,54.02,0.0,0.0
