Temperature,Pressure,Humidity,PM2.5,PM10
31.16857142857143,98585.084,34.021428571428565,4.031999999999999,7.656000000000001
