Temperature,Pressure,Humidity,PM2.5,PM10
26.531250000000004,98226.02666666667,38.835,1.50125,4.89
