Temperature,Pressure,Humidity,PM2.5,PM10
30.169999999999998,986.2243000000001,nan,6.3625,10.497499999999999
