Temperature,Pressure,Humidity,PM2.5,PM10
31.183636363636364,985.3445444444444,32.9609090909091,3.876666666666667,6.367777777777777
