Temperature,Pressure,Humidity,PM2.5,PM10
8.91,978.3465499999999,61.628750000000004,10.735000000000001,15.643749999999999
