Temperature,Pressure,Humidity,PM2.5,PM10
20.585,981.4938,72.04166666666667,2.6666666666666665,3.153333333333333
