Temperature,Pressure,Humidity,PM2.5,PM10
30.567,983.4139124999999,43.231,3.1274999999999995,6.46625
