Temperature,Pressure,Humidity,PM2.5,PM10
10.59875,979.66615,58.22125,9.527142857142858,13.849999999999998
