Temperature,Pressure,Humidity,PM2.5,PM10
28.020000000000003,987.44625,46.415,7.494999999999999,7.494999999999999
