Temperature,Pressure,Humidity,PM2.5,PM10
7.324999999999999,981.3023499999999,65.945,27.935,28.240000000000002
