Temperature,Pressure,Humidity,PM2.5,PM10
22.509999999999998,978.1629499999999,86.83,17.3,17.564999999999998
