Temperature,Pressure,Humidity,PM2.5,PM10
8.309999999999999,982.1365499999999,61.790000000000006,13.475,13.48
