Temperature,Pressure,Humidity,PM2.5,PM10
31.6,987.4101499999999,37.78,2.4000000000000004,5.615
