Temperature,Pressure,Humidity,PM2.5,PM10
32.635000000000005,989.09075,27.59,3.1500000000000004,6.23
