Temperature,Pressure,Humidity,PM2.5,PM10
26.395000000000003,973.69455,62.394999999999996,3.5749999999999997,6.5
