Temperature,Pressure,Humidity,PM2.5,PM10
4.275,968.73235,100.0,6.109999999999999,15.375
