Temperature,Pressure,Humidity,PM2.5,PM10
42.980000000000004,97706.485,22.235,3.8899999999999997,4.36
