Temperature,Pressure,Humidity,PM2.5,PM10
30.040000000000003,968.5377333333332,61.72,3.35,3.35
