Temperature,Pressure,Humidity,PM2.5,PM10
30.705,973.77905,61.275,7.9350000000000005,7.9350000000000005
