Temperature,Pressure,Humidity,PM2.5,PM10
6.496666666666667,964.3559333333333,81.11666666666666,18.23,18.30333333333333
