Temperature,Pressure,Humidity,PM2.5,PM10
34.12666666666667,970.2928333333334,45.053333333333335,4.010000000000001,4.010000000000001
