Temperature,Pressure,Humidity,PM2.5,PM10
31.970000000000002,97319.125,50.519999999999996,5.345,5.345
