Temperature,Pressure,Humidity,PM2.5,PM10
25.36,99033.47,52.495000000000005,1.7199999999999998,3.7024999999999997
