Temperature,Pressure,Humidity,PM2.5,PM10
39.585,996.77205,18.92,4.115,6.279999999999999
