Temperature,Pressure,Humidity,PM2.5,PM10
9.655,993.37955,69.46000000000001,15.350000000000001,24.125
