Temperature,Pressure,Humidity,PM2.5,PM10
36.82,993.6786,33.995000000000005,5.0649999999999995,6.54
