Temperature,Pressure,Humidity,PM2.5,PM10
5.18,962.4391,94.88499999999999,5.640000000000001,8.765
