Temperature,Pressure,Humidity,PM2.5,PM10
16.349999999999998,965.8105333333333,100.0,1.7233333333333334,4.696666666666666
