Temperature,Pressure,Humidity,PM2.5,PM10
30.759999999999998,98809.44,,1.31,1.6749999999999998
