Temperature,Pressure,Humidity,PM2.5,PM10
22.29,965.1211000000001,46.385,7.654999999999999,10.225
