Temperature,Pressure,Humidity,PM2.5,PM10
21.490000000000002,96655.17,56.655,1.35,2.4000000000000004
