Temperature,Pressure,Humidity,PM2.5,PM10
30.97,989.3886,,5.1899999999999995,7.6899999999999995
