Temperature,Pressure,Humidity,PM2.5,PM10
34.325,967.46675,25.89,1.8399999999999999,3.375
