Temperature,Pressure,Humidity,PM2.5,PM10
10.329999999999998,985.3258000000001,,6.16,12.265
