Temperature,Pressure,Humidity,PM2.5,PM10
21.566666666666663,966.4519666666666,44.82666666666666,6.467499999999999,8.2525
