Temperature,Pressure,Humidity,PM2.5,PM10
34.12,972.8687500000001,36.879999999999995,0.30000000000000004,0.5
