Temperature,Pressure,Humidity,PM2.5,PM10
10.059999999999999,968.9656500000001,47.985,0.475,0.55
