Temperature,Pressure,Humidity,PM2.5,PM10
38.55,974.495,21.060000000000002,0.65,1.0899999999999999
