Temperature,Pressure,Humidity,PM2.5,PM10
8.656666666666666,979.8112666666666,54.77333333333333,0.3,0.3
