Temperature,Pressure,Humidity,PM2.5,PM10
7.640000000000001,978.75185,57.425,0.4,0.4
