Temperature,Pressure,Humidity,PM2.5,PM10
30.62,982.13095,38.49,2.4450000000000003,4.175
