Temperature,Pressure,Humidity,PM2.5,PM10
17.105,981.9618499999999,85.96,2.565,4.9350000000000005
