Temperature,Pressure,Humidity,PM2.5,PM10
5.63,978.86045,71.89500000000001,11.175,18.0
