Temperature,Pressure,Humidity,PM2.5,PM10
24.209999999999997,97563.36666666665,42.286666666666676,1.6466666666666665,4.05
