Temperature,Pressure,Humidity,PM2.5,PM10
25.206666666666667,98380.75333333334,43.173333333333325,1.6066666666666667,3.3000000000000003
