Temperature,Pressure,Humidity,PM2.5,PM10
27.94666666666667,98140.62333333334,23.44333333333334,4.0,4.0
