Temperature,Pressure,Humidity,PM2.5,PM10
25.256666666666664,98395.09666666668,44.446666666666665,1.3766666666666667,5.506666666666667
