Temperature,Pressure,Humidity,PM2.5,PM10
26.14,98518.875,41.8675,1.4354545454545455,2.277272727272728
