Temperature,Pressure,Humidity,PM2.5,PM10
26.715,98912.58,33.790000000000006,2.3200000000000003,2.3200000000000003
