Temperature,Pressure,Humidity,PM2.5,PM10
23.025,96792.205,47.76,1.4249999999999998,5.529999999999999
