Temperature,Pressure,Humidity,PM2.5,PM10
25.826666666666668,98977.02333333333,36.10666666666667,2.143333333333333,6.539999999999999
