Temperature,Pressure,Humidity,PM2.5,PM10
22.636666666666667,96941.75,53.046666666666674,1.4433333333333334,3.956666666666667
