Temperature,Pressure,Humidity,PM2.5,PM10
31.880000000000003,95357.235,26.29,1.4500000000000002,3.475
