Temperature,Pressure,Humidity,PM2.5,PM10
27.296666666666667,99043.32333333332,34.85999999999999,1.6266666666666667,4.326666666666666
