Temperature,Pressure,Humidity,PM2.5,PM10
23.395714285714284,97736.74714285714,66.14142857142858,2.11,4.873333333333334
