Temperature,Pressure,Humidity,PM2.5,PM10
24.369366241957223,97917.50137698588,49.12555161364156,1.968,1.9775
