Temperature,Pressure,Humidity,PM2.5,PM10
21.567777777777778,95755.286,59.57111111111111,2.1177777777777775,5.275555555555555
