Temperature,Pressure,Humidity,PM2.5,PM10
5.398510472766741,88849.78392512463,39.52863636363636,nan,nan
