Temperature,Pressure,Humidity,PM2.5,PM10
24.8,98900.61666666665,38.150000000000006,1.7266666666666666,3.686666666666666
