Temperature,Pressure,Humidity,PM2.5,PM10
26.92285714285714,98265.68857142856,43.87428571428571,1.3246153846153847,2.9761538461538466
