Temperature,Pressure,Humidity,PM2.5,PM10
24.912142857142857,96579.3809090909,42.68333333333334,144.585,288.5064285714286
