Temperature,Pressure,Humidity,PM2.5,PM10
20.195,97385.94,62.614999999999995,1.315,3.3950000000000005
