Temperature,Pressure,Humidity,PM2.5,PM10
,,,2.793333333333333,4.236666666666667
