Temperature,Pressure,Humidity,PM2.5,PM10
24.155,98483.815,41.519999999999996,1.885,5.9399999999999995
