Temperature,Pressure,Humidity,PM2.5,PM10
21.759999999999998,97615.785,37.209999999999994,1.535,5.15
