Temperature,Pressure,Humidity,PM2.5,PM10
25.590000000000003,98127.02000000002,38.629999999999995,2.407777777777778,6.010000000000001
