Temperature,Pressure,Humidity,PM2.5,PM10
25.426666666666666,96792.36666666665,54.580000000000005,1.9966666666666668,2.0
