Temperature,Pressure,Humidity,PM2.5,PM10
24.200833333333332,98596.87700000001,56.775,3.1681818181818175,6.302727272727273
