Temperature,Pressure,Humidity,PM2.5,PM10
25.930000000000003,98191.0,33.82333333333333,1.5766666666666664,3.8266666666666667
