Temperature,Pressure,Humidity,PM2.5,PM10
28.675,98091.76499999998,39.580000000000005,4.862500000000001,6.4750000000000005
