Temperature,Pressure,Humidity,PM2.5,PM10
34.32,99468.26833333336,36.75333333333333,4.808333333333334,7.3566666666666665
