Temperature,Pressure,Humidity,PM2.5,PM10
,,,5.101999999999999,5.101999999999999
