Temperature,Pressure,Humidity,PM2.5,PM10
33.730000000000004,98893.47,30.85,4.574999999999999,7.109999999999999
