Temperature,Pressure,Humidity,PM2.5,PM10
27.703333333333333,99340.85333333333,41.81333333333333,,
