Temperature,Pressure,Humidity,PM2.5,PM10
35.480000000000004,99002.56,41.004999999999995,3.0,5.1899999999999995
