Temperature,Pressure,Humidity,PM2.5,PM10
39.46,99452.765,23.369999999999997,4.324999999999999,12.61
