Temperature,Pressure,Humidity,PM2.5,PM10
29.105,97432.875,45.695,3.9749999999999996,5.515000000000001
