Temperature,Pressure,Humidity,PM2.5,PM10
31.865000000000002,97100.23999999999,29.145,3.8,6.4
