Temperature,Pressure,Humidity,PM2.5,PM10
33.352500000000006,97855.3,42.245000000000005,6.2,8.3
