Temperature,Pressure,Humidity,PM2.5,PM10
32.19,98866.15000000001,35.3125,4.407500000000001,9.02
