Temperature,Pressure,Humidity,PM2.5,PM10
30.93,98587.86,34.42,5.4399999999999995,5.4399999999999995
