Temperature,Pressure,Humidity,PM2.5,PM10
39.5975,98774.8225,23.0075,6.052499999999999,9.282499999999999
