Temperature,Pressure,Humidity,PM2.5,PM10
,,,5.016666666666667,6.146666666666667
