Temperature,Pressure,Humidity,PM2.5,PM10
30.759999999999998,99659.405,38.175,6.029999999999999,6.029999999999999
