Temperature,Pressure,Humidity,PM2.5,PM10
40.445,96941.06,17.305,4.904999999999999,7.199999999999999
