Temperature,Pressure,Humidity,PM2.5,PM10
28.915,98826.08,39.870000000000005,0.765,0.9750000000000001
