Temperature,Pressure,Humidity,PM2.5,PM10
30.764999999999997,98572.9625,34.449999999999996,4.605,7.9125
