Temperature,Pressure,Humidity,PM2.5,PM10
28.77,98843.25,39.095,4.3100000000000005,4.3100000000000005
