Temperature,Pressure,Humidity,PM2.5,PM10
31.56,97337.30333333334,49.126666666666665,5.403333333333333,5.403333333333333
