Temperature,Pressure,Humidity,PM2.5,PM10
45.989999999999995,99985.33,13.995000000000001,4.275,6.8100000000000005
