Temperature,Pressure,Humidity,PM2.5,PM10
38.144999999999996,99454.08,45.364999999999995,3.0999999999999996,5.54
